policy_id,policy_type,region,coverage_amount,premium,risk_score
1,Health,South,225876.28239668868,3355.3511536231536,0.672702994208898
2,Commercial,East,564805.9000094403,3222.8091916479984,0.7966813971913723
3,Auto,North,879298.5440825878,9156.29122468933,0.250467898792499
4,Health,North,745613.6420890831,3245.915798645555,0.6248740996069989
5,Health,North,816233.0904683772,3447.547535157679,0.5717459831437487
6,Commercial,North,675844.1983751815,7834.584361761674,0.8328303767882711
7,Auto,West,707662.7362919599,5047.65858205486,0.9060870604812605
8,Auto,North,856735.8689870533,7990.395012596631,0.012156771477386807
9,Health,West,287184.60841622663,1588.2954180794673,0.6740199190587927
10,Home,West,514953.71546098345,5388.140743060459,0.05183579911972902
11,Health,North,260148.96972862212,1302.5224016495436,0.5488586650773559
12,Health,North,988284.6075968146,1563.8788310981909,0.2876327290436782
13,Health,South,946856.3727022826,9157.937080099699,0.3067765995221412
14,Health,East,87455.4708000806,2253.2083400583565,0.3529585034523566
15,Commercial,North,720296.413889904,5791.786140476954,0.6212924490496101
16,Auto,South,928985.9015448826,4699.860423406359,0.3340499656687692
17,Commercial,South,221546.57787096687,4126.089936329584,0.7326990505902804
18,Commercial,East,589547.969024998,9098.500111185453,0.4045273855738697
19,Commercial,West,919713.8827086397,1196.4105709794055,0.06835320030995862
20,Health,North,82248.6796565089,6974.107175580301,0.7837598424841072
21,Home,East,712549.2538844979,9670.549907921953,0.285758324592706
22,Auto,North,332481.5570039232,6041.513651156578,0.43276687959926263
23,Home,South,928176.3856077038,9431.402158297826,0.6854438832219015
24,Commercial,South,972505.3329070994,1470.320913574214,0.332456157148712
25,Commercial,West,947053.1646577623,4769.139871667452,0.056585656146715624
26,Home,South,500503.50582459057,3341.4201186584605,0.3739210470128136
27,Home,South,868940.5184398477,7577.388684826568,0.9444485826943034
28,Home,East,852321.9286083168,9831.67381447522,0.6417343972985582
29,Commercial,North,353145.44958109286,3308.7705619982303,0.6714791486672069
30,Commercial,North,837469.7004431435,6887.57141326667,0.6322821536376398
31,Auto,East,85157.25297971799,2782.878694837661,0.1989921389594368
32,Auto,West,616456.3845579504,6087.972291144489,0.41833386410228013
33,Commercial,North,268508.3954233179,5175.392380195026,0.7509397983633183
34,Home,South,164538.54148841486,9748.047966683833,0.10137289755315915
35,Home,North,123105.5415477487,6476.745454268199,0.27785277608971226
36,Auto,South,711474.3370842327,4145.557348781369,0.2763191084658536
37,Commercial,West,372881.2155796628,2026.8620639914004,0.432018927594506
38,Auto,East,738528.4329523233,2361.221458614411,0.9803687409421851
39,Auto,North,112088.52375899526,3027.8523695611157,0.06750254668382194
40,Health,East,349525.8209390798,3258.699952062682,0.518700994380595
41,Health,North,562516.7277565703,8655.54452057024,0.17936468201221045
42,Health,South,801187.0065970154,6051.005094542725,0.9706765454097441
43,Home,East,352814.87778546644,5710.518202369298,0.1133035047274642
44,Commercial,North,644596.8076151586,2032.9198468229572,0.40360100236159124
45,Commercial,South,891678.8608243777,8741.257240144914,0.7378849848346062
46,Commercial,East,635070.0287731893,7505.328728876353,0.7045544280274453
47,Commercial,East,271311.5010159521,1609.0152571000142,0.42272863689393225
48,Health,North,73180.74247871112,7370.515875067918,0.34652416795271823
49,Home,North,876593.9302058833,5891.843956083814,0.39761237855287057
50,Home,North,70205.94030786779,1735.5281117210043,0.2642762631586393
51,Health,South,880966.5890499895,5124.705773757908,0.2053329387067998
52,Home,North,552490.2773258514,5362.266584170423,0.48303969755889
53,Health,East,942114.3135872514,2491.970861469482,0.2685337560676073
54,Commercial,East,808844.0739849821,9511.28332300254,0.2874616648972501
55,Health,North,998037.4050066706,8649.778343325957,0.6567560634745571
56,Commercial,North,383176.22467912466,7021.201035961975,0.9685373316998922
57,Commercial,West,778828.8744845706,5160.660049005465,0.6036372005593751
58,Auto,East,431834.36792878003,4705.889874260576,0.07697946706496628
59,Health,South,505881.8392887134,6858.761204358588,0.07558361385406698
60,Auto,West,646130.1900574516,5908.88682466215,0.951423220845566
61,Health,North,879993.2584770218,1560.4579529369705,0.29729079030733363
62,Health,North,984879.2957393304,5612.523838932985,0.09206698608247543
63,Auto,East,779859.7431712922,8257.632555095555,0.5990445871503816
64,Auto,North,446878.44305896707,5133.158898372622,0.6236487782902661
65,Health,South,450289.15216321667,1467.6091979884156,0.6485048201186882
66,Home,East,750703.1865094469,8076.503794456298,0.2674020278575413
67,Commercial,North,276838.2884798872,2812.2740392237693,0.015110684214475034
68,Auto,East,154950.40747482493,3327.587513992349,0.9650153694544719
69,Commercial,North,386891.04975873773,2482.357180890663,0.2508930456911025
70,Home,North,322877.0420713776,3971.935583843478,0.6760262880525475
71,Home,North,331492.7144331906,7810.763551197715,0.7066298698787096
72,Home,South,271927.36349741445,5674.472735535436,0.6100074170794857
73,Auto,South,89988.53015454378,2843.931467356413,0.3129073942136482
74,Home,East,66980.23799674312,8900.470703368366,0.27109625376406576
75,Auto,North,988336.27024923,8916.236694563762,0.5976682827027031
76,Home,North,456384.47704906925,8835.205825414061,0.8660956336116915
77,Commercial,South,415110.3148016976,3149.1659024338537,0.9467337289233956
78,Commercial,North,695664.9185584163,5061.1540976288925,0.10590580440375763
79,Health,South,257341.19347181096,9864.906905267875,0.15482861259771985
80,Commercial,North,952463.1247527141,7948.112286789913,0.9447362587830797
81,Health,East,797027.7636947745,1244.5067910300384,0.7365352283347926
82,Commercial,North,134940.45219664654,1586.8413213444285,0.8829938248297731
83,Auto,North,446701.73699568195,5175.3823913109945,0.20263263413534316
84,Commercial,West,885162.3921840565,9182.981852754041,0.5875858711094019
85,Health,South,947495.4211768397,5848.316181574428,0.7011395944174736
86,Health,North,494031.43568737624,5480.312572308612,0.6801118854469727
87,Home,North,632740.8197501723,1949.2632996096754,0.4081516908666981
88,Auto,West,208682.24878747147,6911.020942518647,0.015394891691308477
89,Commercial,West,991610.1948301278,8398.928445402029,0.5829260568042631
90,Home,South,270088.11631427123,4423.780067568061,0.25310153917960876
91,Commercial,West,945595.1854283693,7980.506658327948,0.45025424614289034
92,Commercial,East,667164.31654275,9680.289885107304,0.9575810150838173
93,Home,West,627349.9551349161,2833.898132149202,0.3990353176424347
94,Home,East,537054.0854656831,5709.966680752672,0.8398016066644267
95,Home,South,269136.32113187073,3584.2416227611798,0.18854060574925113
96,Home,South,217701.63040523286,8135.689771304555,0.6724604980250288
97,Home,South,259461.89861666659,6198.3402929304175,0.9770069544389435
98,Commercial,South,227116.3490370418,6711.241757952734,0.10189310087293679
99,Home,South,790605.2498884157,8181.227436543047,0.008319942227192012
100,Auto,East,382618.9962083936,4563.734253962094,0.43358279263261434
101,Health,East,104950.54273522654,9235.81061566339,0.0926254830513672
102,Home,South,970647.4986337707,5797.25980521526,0.7483843496762314
103,Home,West,889596.5907152544,2421.5934055181324,0.9145486638485589
104,Commercial,North,931364.6690354523,7263.092063519222,0.43402097270875883
105,Home,South,995162.4315141136,8139.35215394429,0.25871164215544096
106,Home,West,215200.48675851294,3850.85509360774,0.4344033190066098
107,Home,North,426429.9179575258,8714.613312988777,0.723447817850001
108,Commercial,South,770326.5519188867,9155.289292891897,0.009054161580370979
109,Home,South,711219.5871511026,3492.1403864002805,0.5894539894846972
110,Health,East,196201.11102286231,9851.693254437,0.6132916848873791
111,Commercial,North,825041.4687410869,2266.403752438826,0.6376882468959355
112,Health,North,263218.54324482766,2818.1410156224097,0.2420220799808772
113,Commercial,West,262626.73408149194,2658.023553142235,0.7140527233781268
114,Home,East,560125.701748743,9045.907390070834,0.0913914863317764
115,Health,East,613292.938099618,6888.632970924657,0.1992703364668008
116,Commercial,East,601081.8974459206,2368.938549000456,0.8774700466544819
117,Auto,East,136912.4955278671,4962.91076531514,0.7387231507265664
118,Home,North,883587.8194988613,6537.6822256282185,0.013745554011345251
119,Commercial,North,302320.04045927076,1751.1767649044496,0.2483762603698002
120,Auto,South,173039.17521866396,8941.747315666049,0.21440648299316456
121,Commercial,South,894310.6758755284,8232.431818973817,0.2708063280369726
122,Auto,East,957868.9233182657,5546.860962189744,0.2475597702798864
123,Home,East,869021.2364021781,9704.139537332534,0.06252629574284574
124,Health,East,819040.2709886342,4759.848813475897,0.45894051659682034
125,Auto,South,672479.8816070707,9856.99287132848,0.7327334747861651
126,Commercial,West,573314.5020786824,7011.279989232644,0.6067317247174364
127,Home,West,132637.42191583963,6712.041459285473,0.6728716685980798
128,Auto,South,438030.5524171638,2493.594057662065,0.08114917853623915
129,Commercial,South,404054.0911616983,8937.349824741796,0.9514907101767872
130,Commercial,South,296766.09457230987,4847.407191285536,0.8384918338430248
131,Commercial,South,737249.1080041557,2460.1006520423143,0.8050903184956627
132,Auto,South,521081.94832483225,1113.4676797818313,0.8229838050417675
133,Auto,South,126993.90511226554,6037.801152745443,0.9327105081327614
134,Auto,East,259174.04185232078,5746.596599104087,0.5442539661136977
135,Health,East,699095.8254766162,7474.182601322427,0.2002820178676259
136,Auto,East,122324.31651578518,9012.322477160218,0.6167836078525412
137,Auto,East,858646.5683463303,1714.6592617872657,0.742881493667939
138,Auto,South,520389.2006632756,7583.468413063261,0.7379173933540254
139,Health,West,506557.2484603156,2686.70749687824,0.5214490241668801
140,Auto,North,612787.3954265417,8723.593478414476,0.06845871933357806
141,Commercial,South,833446.9176288918,8371.571624754906,0.3711129384301278
142,Auto,North,380418.7475070834,5867.1437948698995,0.9207666084633573
143,Commercial,West,694115.3449311104,7392.1851876098035,0.584448909757426
144,Commercial,East,587445.3657960015,3829.1510186537357,0.5383319432557134
145,Commercial,West,303676.85666095023,5240.511090395332,0.2688535143821935
146,Health,South,884698.4870374001,8394.732079394245,0.3684489199165789
147,Health,East,807554.7205265817,5133.386774558925,0.8953460891531693
148,Health,South,675529.2429255042,4220.184387928976,0.6664630475268357
149,Auto,East,858052.6426395298,5447.912025252699,0.7873870267523329
150,Commercial,North,873929.4909118123,8454.243271934965,0.45434542306765513
151,Health,North,722944.827879283,4016.8724263378544,0.6302472194561579
152,Health,North,845162.6619454884,2563.854338221694,0.24838360874320753
153,Auto,West,712597.8885858195,7408.1261829770265,0.7054608302834863
154,Health,South,696133.7331722854,8433.803914372736,0.4276013337033373
155,Auto,West,637680.8093044251,1905.7373067118,0.4425455148147456
156,Home,North,765080.8075797592,3158.8670148035026,0.6493223245768817
157,Health,South,200674.85002842,2277.747907848945,0.9362806214689267
158,Home,North,886827.221238982,4131.4727042395,0.06400634660862092
159,Auto,West,878251.3513579704,5053.158810148714,0.8247432373470076
160,Commercial,West,77784.91888283119,7739.437032669758,0.2923831104121931
161,Health,West,834525.9130365246,6860.328263935067,0.4439194545063778
162,Auto,North,172426.37409977295,6588.35710730588,0.021913328775008956
163,Commercial,South,368362.9115461848,4171.37451948689,0.30104607783431303
164,Commercial,South,756332.8434770274,8573.027977762838,0.5026312426301305
165,Home,North,202721.9012458928,5241.584506583481,0.05617607734743901
166,Auto,South,827068.6729131091,9811.944442136391,0.49109572938316515
167,Commercial,North,840527.4690598549,6707.279244661631,0.9271106288584273
168,Health,South,532094.3470727943,2136.3826740805243,0.10539321810780522
169,Health,East,56066.578130991904,7085.598058678906,0.7644407280755043
170,Home,East,322686.22651616717,3925.936138885291,0.40967105337599263
171,Commercial,West,636080.5724569551,7176.944770174877,0.655173714524338
172,Auto,East,982126.8691260522,1626.7703334616517,0.26023659798522936
173,Health,East,650222.850665835,2573.9329345836345,0.1594922625413583
174,Commercial,East,296813.4020109518,8701.635330152076,0.16046261427122643
175,Commercial,North,652305.4179446308,3044.616013211634,0.07049194564314465
176,Home,East,562986.1107300627,8533.37012718646,0.18564670490124302
177,Health,East,790853.1253935865,3513.484796089694,0.6642193849889683
178,Health,West,151631.6068856105,6785.937190528369,0.881690611843508
179,Auto,East,772976.5073769266,7247.355161588479,0.8141256855911618
180,Health,East,564203.2497423048,5613.892778305476,0.6851343098744841
181,Auto,South,964842.4036660449,3747.7960902705818,0.11043186341110267
182,Health,West,374778.5577367518,2913.799387339865,0.28918744629594983
183,Home,West,650990.7984772507,1298.704191061836,0.309806875322469
184,Health,West,935426.7002345166,3735.517611166514,0.24995694639762123
185,Auto,West,147384.24159114528,6878.4651147815475,0.5150056597097231
186,Auto,West,940367.0628746286,9444.743366036344,0.5355538148796726
187,Home,West,703491.4361857726,8840.840340367467,0.3568859751711102
188,Health,North,114445.20614991331,7894.582988817723,0.353789158736436
189,Health,East,335915.38859947544,8096.026089279688,0.8285555979060814
190,Home,West,722763.4842130175,6984.864131283957,0.7892928483196856
191,Health,East,113983.07139533311,3342.581718094027,0.30779583168074565
192,Health,East,603061.9371674596,9164.755276352469,0.9137884438732593
193,Auto,North,378588.9041053089,7036.590807152506,0.952815017002506
194,Health,West,639869.7418791032,6043.96567882396,0.32674254203004083
195,Health,South,93454.9321218872,1998.9052229213298,0.35442494879305486
196,Home,North,877959.9658447575,5023.4998942578295,0.5056341534219588
197,Home,South,974814.520718527,5143.2244408173365,0.9411208125336735
198,Commercial,East,970433.9625214069,8781.07248570403,0.8763194331423115
199,Auto,East,762169.2401557785,5919.833981690096,0.1025679625835898
200,Health,North,173581.92812410038,4423.604940733687,0.3927307432714162
201,Health,North,770350.0361325714,9791.202956595935,0.5533711897497718
202,Commercial,South,73357.57063586144,1996.4853399368412,0.50313247255154
203,Health,West,71017.3739525474,4802.9358548075015,0.19386306793689267
204,Auto,South,357429.7081920642,1378.2220765426475,0.8588167711681547
205,Commercial,North,514211.0308844325,7659.137086902373,0.6769407829968374
206,Auto,South,781887.0469174036,9262.688969792356,0.8379083748518036
207,Commercial,North,699130.6077761799,3520.335965954405,0.8587642793494722
208,Commercial,South,473607.5710579109,8725.075091192088,0.7483558536657398
209,Home,North,309945.3329675826,3629.9640741570797,0.43921060124971734
210,Auto,North,997268.2751498256,9196.931454795236,0.6105467550154245
211,Health,North,454872.2371241743,7785.657132371056,0.16036540611974315
212,Health,West,478817.67311319173,8244.160991572948,0.6736454174749077
213,Auto,South,205442.63013208573,1162.0590004040905,0.17925325573928075
214,Health,South,805069.0713124329,9665.293213666233,0.6939495905101568
215,Health,South,708998.1144924142,7540.038928632909,0.22959816075396866
216,Auto,North,259731.13214932237,3742.7598584752,0.11755130015021997
217,Commercial,South,128261.99333505056,8464.551983729623,0.16528449014295743
218,Auto,South,696474.3369709775,3533.6907857343695,0.001992135219070268
219,Commercial,North,671785.6535670785,8854.784556095152,0.7187396178535302
220,Health,East,309596.5506482989,2013.223513707433,0.7324010490583791
221,Health,North,953320.3841378898,7333.173797147162,0.5149333499132595
222,Health,South,193504.99719185522,5866.286289804193,0.1613628010553837
223,Home,North,460718.0609904718,1868.8102317589673,0.08355433751068975
224,Commercial,East,946435.124159219,3177.0444543295507,0.01912896643728701
225,Home,North,448740.9510798162,1111.6363264958331,0.1657481769652207
226,Home,South,656599.6502808813,5218.9116891805525,0.8908555349831467
227,Auto,East,427714.6780646546,3711.3873468400034,0.24153684170168177
228,Home,West,310504.4422312365,6385.217358679829,0.35427132721721566
229,Auto,South,984778.7655618368,3675.140269377555,0.10534548448133318
230,Auto,East,438867.3059992909,3699.272003562862,0.22236130474817029
231,Home,East,899394.2434951777,7688.738788584431,0.5192245707802051
232,Commercial,West,268456.8755965319,1433.2855238051811,0.6077526830956526
233,Commercial,North,252449.46882382914,9126.054956727885,0.24535231416621106
234,Commercial,North,79577.37874028579,8670.374869520634,0.05773215922511721
235,Commercial,South,669083.4841070907,7010.242149037658,0.39103286912739865
236,Commercial,West,400100.0265375731,6338.994130966459,0.23420337092633414
237,Home,North,871140.3373476552,9030.72248325687,0.21955392322980194
238,Home,West,499549.4113569793,2667.97161575843,0.9598628027134553
239,Health,North,969783.7565189856,1710.7224597174575,0.6163004859257241
240,Commercial,East,226249.23991796508,3155.591529185843,0.5568784431720959
241,Home,North,875192.0095578303,8151.204508301712,0.4157751035233219
242,Health,West,787767.0101521546,1312.03240053835,0.42894433343014426
243,Commercial,East,782375.7524118494,6245.2615157514065,0.5409050038380808
244,Auto,East,852544.0667110432,9958.93764572179,0.6964298070361072
245,Health,East,772972.791395849,8701.264844537855,0.7021460961818294
246,Home,West,644909.3055498446,5693.011201392305,0.17169390770544957
247,Auto,South,174682.6337982682,1572.7681835797812,0.500112752076627
248,Auto,South,80899.87051668932,8482.361629471388,0.41195809503410197
249,Auto,South,924805.4554249025,6390.806573594895,0.8705269662693842
250,Health,West,635817.7987947011,2034.3969735361015,0.6314189212183764
251,Home,East,806710.4264273675,1844.715563410206,0.5325040664159818
252,Auto,South,507446.23393692257,9186.641374929332,0.11539464217891737
253,Commercial,West,161442.77951427473,7022.8023664427055,0.6056378893234114
254,Auto,South,168926.5025924229,8463.5811938508,0.11720390568023342
255,Auto,North,701287.0228675228,8910.810102540407,0.33720657556575206
256,Health,South,458790.60015448957,6145.9511684349,0.14284196481433187
257,Health,South,240498.49036531989,5657.0171657953715,0.6920736470243689
258,Home,East,517014.81940436503,4873.846692888912,0.2062521138361526
259,Commercial,West,110998.49022137737,3852.5192901200735,0.391859373188026
260,Health,East,602872.8318186789,4911.363647728405,0.8956747776187787
261,Auto,East,305543.7342133428,7964.916901571408,0.2043163833989703
262,Home,East,807681.1456053287,6417.310879136184,0.5078050639587791
263,Auto,East,344843.8609773951,9032.709609593614,0.419271661166022
264,Auto,East,482459.1416277111,4990.42012941269,0.018124041045729733
265,Health,South,61039.5129126956,6463.806208468786,0.7927581135728128
266,Home,East,118824.54340483094,6681.767977827898,0.06904590631459973
267,Commercial,East,422868.8785863506,6325.274460756929,0.4742550209769536
268,Commercial,West,505941.89298126736,7323.703957769647,0.5606782949389499
269,Health,North,620019.5207133385,3136.9012153732565,0.6284264566145871
270,Health,South,327079.44977383805,5611.273997912116,0.6886316293078756
271,Home,South,710232.7918202154,1938.0232252751289,0.2532723835227151
272,Commercial,South,867116.2773297443,4460.601948803313,0.009978776658449373
273,Commercial,East,790858.4394486824,5389.00361759138,0.723443662354912
274,Commercial,East,87637.88408093929,6870.0183359092525,0.5356565993475786
275,Auto,East,506481.5998949375,9554.779473275832,0.8361177032072488
276,Commercial,West,149683.66949726612,6405.8595989352025,0.8213883629006943
277,Auto,North,279942.7650694011,7692.345245589038,0.8433261677878832
278,Home,East,987329.4636037891,5556.394535456825,0.48509465997954015
279,Auto,North,185370.76575643755,6706.9362823869815,0.33362839583686565
280,Home,West,523943.7457787883,1638.389945203961,0.79155820259137
281,Commercial,South,637247.9476022131,3289.5242275766227,0.45129411302925493
282,Commercial,East,717341.7220168988,4256.677838846248,0.1834421964034345
283,Home,North,581666.2493125683,5252.4401950586225,0.8549740195614743
284,Health,North,59282.30504822447,1410.8387095214537,0.8825598767723473
285,Home,East,360138.2428317923,2260.2168779798594,0.4663097561401701
286,Health,South,541826.0612154759,3491.328770121752,0.07569972730978747
287,Auto,South,133473.1741875917,9743.794218109457,0.38782608991693124
288,Auto,South,383095.58464872173,3982.1230639274568,0.8035376594626034
289,Auto,West,81542.95335179823,5338.369523008742,0.9017740285462287
290,Commercial,North,124649.57229726971,2764.8794146455366,0.20347274249759584
291,Auto,North,427077.1123915163,6497.020639681914,0.06697361202527152
292,Health,North,176079.96634090733,3526.1489396437687,0.8773504531328387
293,Auto,West,589163.8058484802,2862.933205945841,0.3894049389788753
294,Home,North,704991.7206804025,5649.153656013812,0.5417609642675633
295,Home,West,810557.3641536287,1049.5521924437874,0.9680658120507589
296,Commercial,South,240142.7320325696,1068.9762938430279,0.06656472791422285
297,Home,East,209108.45314611626,2971.61928191672,0.6483180074520956
298,Health,North,149339.44831768025,1330.4922625073903,0.07410542257486707
299,Auto,North,654608.7370664548,1972.2317871762225,0.3754689284665004
300,Commercial,South,721151.9401625561,4049.7458440487644,0.8038145451934468
301,Auto,East,80006.83758435994,8223.271116218315,0.4334722327556344
302,Auto,West,939401.6339315054,6148.437790323707,0.9971823539029504
303,Health,East,99372.71946889878,5614.0095336077475,0.5590592849466022
304,Home,South,564231.5185360169,3641.3994088730947,0.3211621526359535
305,Home,South,723607.4934783706,9385.783474895348,0.22011132590475313
306,Auto,East,877420.6675587813,4573.135371134726,0.3505205342861618
307,Commercial,West,728382.5855258064,1783.8349011619434,0.3725332737595508
308,Home,West,811641.6789163023,6553.598645060211,0.06871367772396098
309,Commercial,North,372477.68291566573,2024.5455412894128,0.36957419942677316
310,Home,West,824083.8580591866,4107.008285215228,0.4642385197392249
311,Commercial,East,126109.10406544138,5566.70744846028,0.7227377522388047
312,Health,South,900075.8232575012,8868.002722166582,0.656729484721608
313,Commercial,North,570212.7573460494,5441.919223061068,0.7087656552291542
314,Health,North,826432.881464369,7320.328894284979,0.008363681876857099
315,Health,South,479702.3702923851,9935.351550991632,0.21766739958053605
316,Commercial,West,661398.8104366987,2183.402079081835,0.6616842883998565
317,Health,South,550082.5278893076,3472.583729675676,0.48398936817974714
318,Auto,West,745010.0456675653,4551.184680378818,0.005313475668345946
319,Health,South,127548.4829290601,4796.453606849482,0.8044946424318223
320,Home,East,107334.47979103561,4699.189677389912,0.7728095732903374
321,Commercial,West,284748.07230963913,9168.499023008993,0.5484191629935626
322,Auto,East,201567.44610752893,7426.293800201708,0.06646332577627212
323,Commercial,North,878194.3882625916,6471.146926816334,0.7665150495325846
324,Home,South,258253.2879901421,3784.3544607650388,0.583713587731364
325,Home,North,977071.9930281747,8414.113457991652,0.7819599771579592
326,Home,North,370051.0021825515,9595.5446033649,0.7517469923958404
327,Health,North,223012.0199042643,8390.784542952038,0.8030020719578371
328,Health,North,800213.5817853552,1014.0859467232561,0.5180080664046248
329,Commercial,South,675772.3867258324,6727.612331650664,0.140324518193515
330,Commercial,North,523285.93063048203,1460.2184329789065,0.6711574733796887
331,Auto,South,577595.3733907497,3318.464983003497,0.6204737850519706
332,Auto,South,733241.6893586506,1535.7223031299452,0.7422531871990872
333,Commercial,East,267032.00426473375,6434.15907654449,0.1698810060507353
334,Health,West,996517.2202539048,7179.309221433461,0.19497519990028922
335,Home,West,976053.504039444,2030.3887425931462,0.8904095172193285
336,Commercial,South,667809.40202959,4454.549947404816,0.7499777984520708
337,Auto,East,239565.32838268788,5106.128580599878,0.9082284887003229
338,Health,South,696216.8303097268,4321.477195848249,0.7587153211639207
339,Commercial,South,118588.48853021704,2089.2250043667373,0.5971553059903019
340,Commercial,South,79119.87709551575,4770.530111687279,0.6541327370278737
341,Health,East,294798.744085653,7760.602430275763,0.88912792394001
342,Commercial,West,489491.8089023505,1639.0689807992992,0.5788067545119405
343,Health,East,874858.8801379615,1721.6201267371312,0.6323913243283874
344,Home,North,740810.6162779926,4192.941626523858,0.15647671600360058
345,Health,East,755571.195139982,9475.531404570325,0.4739212201161027
346,Health,East,454218.6677256716,7017.153820506226,0.716397111958099
347,Health,East,378638.2429196148,7108.029610053083,0.2709426983163654
348,Commercial,East,402486.82483537256,4257.279917540785,0.20225418052453492
349,Commercial,West,988267.0855492549,6342.9471208768455,0.31382680822441555
350,Health,North,88103.73184185836,1091.1806562496904,0.24150062799283345
351,Commercial,West,873679.9213163261,6724.86441768588,0.21491263703639585
352,Auto,West,599741.6381437738,9219.58252818613,0.42485084286808694
353,Auto,East,466684.64823011094,6513.161215103372,0.9078385138835341
354,Commercial,South,738994.7773943797,8863.287341197105,0.5070596467387183
355,Commercial,South,512335.4943534677,7515.757499194844,0.18792038081532303
356,Health,West,879752.0761775775,2085.025747633212,0.07697166938087407
357,Home,West,905666.7708106956,9122.079765572576,0.6961561451379252
358,Commercial,East,450634.8805297826,1597.9945992019739,0.38279876443638783
359,Auto,West,312986.407373299,5805.707252929874,0.8218309465853593
360,Health,East,612732.8121636941,2279.234114141119,0.6595107686407702
361,Commercial,South,916745.1783358564,1105.3594965781365,0.7962414505413685
362,Auto,South,250129.07955538324,4798.308341148751,0.27194603941844875
363,Auto,North,641818.2543853086,3655.366368887406,0.6923589224610581
364,Home,South,649982.2090878945,5374.004444178428,0.2640619846937188
365,Health,West,746457.371294517,6194.798980610957,0.9390684794502916
366,Health,South,174989.3008708968,1393.6516507805263,0.6363742815333744
367,Home,East,730033.7164479841,2107.0296561137106,0.3245118001753421
368,Home,South,913580.8946323589,6027.781568053828,0.26951186229227264
369,Health,North,220698.95342672986,4088.506178553924,0.1909265850716435
370,Health,South,275666.1586776838,7562.561387945032,0.6946409588937278
371,Commercial,East,972825.3393395576,6870.624837327457,0.2187156129979273
372,Commercial,East,221928.10507401527,8610.439266909161,0.5953032659274891
373,Home,West,861665.8387011002,7232.435440023028,0.26463502692535734
374,Commercial,South,517663.96362563304,4869.379696511333,0.6619689447938686
375,Auto,East,284869.5206830182,7056.699601549892,0.8149397285405392
376,Commercial,North,877212.4062088858,3478.430568298767,0.7780252431446532
377,Commercial,West,473039.9922525322,3756.821489003914,0.7608513309307817
378,Auto,North,539076.4862332058,8100.86643928714,0.18772240569225207
379,Home,South,391271.7009297774,5017.7756476142395,0.08838494698451871
380,Auto,South,613303.308863181,8185.423064665172,0.6989488284873856
381,Commercial,South,205347.67895577164,8401.801363014507,0.3683472137943513
382,Home,West,421527.4598191727,8718.061038951553,0.4323462264033473
383,Commercial,East,970941.7062185231,9249.717122570866,0.031149092793391064
384,Auto,West,295226.76106607117,4878.866984619666,0.2595764492750492
385,Auto,North,673899.8313142275,3869.8013648902497,0.03367640387446402
386,Commercial,West,358930.56101346016,6239.788719347025,0.8791857726012476
387,Health,North,784799.4694022706,4340.5518109386485,0.24339668321853047
388,Health,West,174329.97768243233,6409.667501202097,0.557337169573008
389,Auto,East,971329.9928246175,7350.272763794422,0.03897932066113041
390,Auto,North,481100.0643144573,7195.645166429232,0.6668473913056581
391,Health,South,274247.9401791408,4370.975983181092,0.32302734575409386
392,Health,South,119821.90996351202,2501.7418152887753,0.8979191869576658
393,Commercial,West,211270.0098331637,4874.764046159868,0.8881181889340358
394,Commercial,South,543785.2511282167,2283.3472967371786,0.3252906183617478
395,Health,North,370153.017609722,9010.873316654275,0.9009608956904679
396,Commercial,South,837439.197588479,4112.8971466407165,0.9961576734987788
397,Commercial,East,459343.14747871563,2390.137725009914,0.8254156641239481
398,Home,East,286278.5589582484,1229.0298391517579,0.844871347755229
399,Commercial,West,636287.7372738286,6812.401476578359,0.2490087361090899
400,Auto,North,721438.3560411736,6732.120857092689,0.5767023988577563
401,Commercial,East,208689.81250590237,4065.437499231625,0.06725591396736785
402,Commercial,East,209238.25547390178,1645.406999628859,0.09491793682166971
403,Health,North,84837.85558686583,4686.660054057088,0.9988926120332906
404,Auto,South,749581.9143123585,3800.957455570542,0.32663924942591094
405,Commercial,South,680614.3012407148,7094.085757615084,0.7481839120488464
406,Commercial,West,500899.33196232317,6452.013245074213,0.8066650530268165
407,Home,South,851961.9265207372,4281.3435537778605,0.8580232710072292
408,Commercial,North,815386.6453025505,2961.032988294911,0.9976282974021565
409,Commercial,East,606086.6461769146,9892.323695400326,0.24149648525686784
410,Home,South,874857.7164875957,5086.014590765034,0.04035082685969971
411,Health,West,245549.14953492983,7194.468122022134,0.411191517994586
412,Commercial,South,156323.63842784148,2264.9767082052467,0.13008066982894695
413,Home,North,306262.1309411401,5370.30729693458,0.022425889162055124
414,Auto,West,104232.51328484912,1247.8304788251894,0.3604268271414861
415,Health,South,554611.0516009803,5549.096061194049,0.7837382510752364
416,Auto,West,939775.4076802135,9676.156664059321,0.5661806912250709
417,Auto,North,87376.36363508416,4457.860416872202,0.31277798921035405
418,Home,East,166004.41830952547,1350.9641131742042,0.6543420054927197
419,Commercial,North,479589.0768692635,1278.6021182740917,0.23201818030881072
420,Home,North,937181.2666515097,4491.880839521826,0.014381446072085025
421,Home,North,350348.299727913,2440.2244281687463,0.7643533864364274
422,Home,North,531873.0682539728,1210.1688669536732,0.6237430848640091
423,Home,East,89494.2160978725,7805.922525551591,0.76230262450096
424,Health,East,190926.0409139844,5126.707079937016,0.03893801668766561
425,Commercial,West,987298.6168109046,3603.202947753891,0.8371196278306522
426,Auto,South,966862.7616142433,9100.748647148326,0.6195262000363033
427,Auto,East,54692.98188768914,2045.2506418047305,0.5633953507126401
428,Commercial,East,954221.196152077,9603.269460597872,0.6246140481145316
429,Auto,South,657163.9409247254,3825.7004563961755,0.8644332468683641
430,Commercial,East,874522.379794021,8995.633050778131,0.5869365065589071
431,Auto,North,482002.8628521662,6426.485888315154,0.5809503798881793
432,Home,North,539816.2271502877,8440.366237673388,0.9906791570657658
433,Auto,South,514404.2512440742,9856.11846889418,0.756730167068568
434,Commercial,West,683521.0446687991,3595.6489403687115,0.4422938054511353
435,Commercial,West,182668.69201849727,9650.219368668337,0.7073970000329277
436,Commercial,South,78474.91037904406,4505.337054121783,0.3892304716917885
437,Commercial,South,342533.4445116314,4469.6071426323015,0.228875462483499
438,Commercial,North,719446.7245998144,4063.483938290551,0.5968518768877594
439,Health,West,241760.77951680095,5872.668466128267,0.9281820981139515
440,Health,East,689760.8116586715,2387.3053886063835,0.9291395200154627
441,Auto,North,971416.4438019069,5983.403368222101,0.3419052781054903
442,Commercial,South,139205.6799999475,5875.343311690036,0.527677466221695
443,Auto,West,688972.01231387,7857.11631344383,0.2116358985698612
444,Commercial,East,471562.7083393426,8502.84965743827,0.9956311094988834
445,Commercial,East,874735.1416586301,4963.972152811816,0.9811179078679357
446,Health,North,218292.29997501662,3720.9992441634436,0.6495089297074473
447,Health,West,707994.6546148564,3334.01407585385,0.8044140596774734
448,Home,West,846209.5251657047,2751.6145303438475,0.7151001612837
449,Health,South,947383.5085003221,1518.828239791224,0.5931582190394682
450,Home,West,699085.6268751635,4082.03180951242,0.053347996988897695
451,Home,West,522316.02580800594,3432.229229177049,0.45476434255266107
452,Home,North,636954.8781911532,9697.756472797666,0.6747863021674105
453,Home,West,875459.7352547824,6019.379436250395,0.6775316138836847
454,Home,East,592079.2593068882,4125.493351274568,0.3731226184223836
455,Auto,North,78867.70671199502,6224.208408943264,0.9416919866580306
456,Health,North,934401.2607316289,2252.7703121112595,0.167357032236781
457,Home,South,705050.4134799831,4996.393742819826,0.5003594462155606
458,Commercial,West,692687.7164883842,6636.108892789574,0.6908839765508228
459,Health,South,254891.3947778313,5400.080486132062,0.6971358058918092
460,Health,East,675941.1967210243,4616.009205888919,0.6486389567688156
461,Home,North,424171.18537145056,9944.635500097284,0.27528821345186016
462,Auto,North,668671.3281894175,8922.832859340342,0.15620656868662197
463,Home,North,151263.3787925912,6610.6536234349605,0.6359403268267109
464,Auto,East,674953.0393728842,6124.396250640545,0.5993021161394377
465,Commercial,East,999443.0394821332,6585.944318421257,0.17935601028924097
466,Health,South,95801.43691752822,2811.8089704018994,0.7051391455705633
467,Commercial,South,978315.4750102514,4556.239689378867,0.4551719917336564
468,Auto,South,436562.5626867271,1355.135796018094,0.6677605916031529
469,Auto,West,877215.7778203962,5279.91433738144,0.8373670797701507
470,Commercial,North,793266.2098553597,5887.221255618969,0.16972842857692316
471,Auto,North,588665.4479373344,3049.747624928886,0.01914486799683668
472,Commercial,South,751526.7487887602,9676.259624489623,0.7791025863957868
473,Health,North,884589.7832362805,9185.091498435178,0.6096974251526159
474,Commercial,South,433933.30556848133,7499.289119103153,0.6996395696221217
475,Health,West,360681.50348507677,5800.479658888264,0.8381549749886426
476,Commercial,West,684213.7162854054,8829.722436829165,0.8028109348245005
477,Auto,East,817453.6448441957,2175.8710944111663,0.9609201469288247
478,Commercial,West,774170.878037785,8114.588148473965,0.5359350788521182
479,Auto,South,807922.9664157027,2123.387325701635,0.48849563265990537
480,Commercial,West,463804.1490722863,8147.895962944649,0.4018871998907301
481,Commercial,East,826942.5053662705,3481.9081142622126,0.15369104284420454
482,Home,North,164198.60260207803,8893.815229163702,0.5726072328820224
483,Auto,South,567264.6430628072,9496.37884442858,0.2770125243259788
484,Home,North,55470.72747321549,2339.1637246460405,0.9213075122129755
485,Auto,East,358356.53840525675,5164.080445588542,0.5831908042770976
486,Home,East,398138.45812782797,9828.886403464167,0.5928401805081102
487,Health,East,426364.0570287926,5350.666923758319,0.35492466087701
488,Commercial,North,710693.8463553691,8771.927702630906,0.05198935197770749
489,Auto,North,419130.19620682846,6298.583699181879,0.03174376537298862
490,Auto,North,476258.94149140414,4377.969171276416,0.4233351441531975
491,Commercial,North,275666.92433061113,3572.051999732832,0.08456537809723785
492,Auto,East,404589.20204787306,2829.0078197747853,0.6068469555401391
493,Auto,East,265906.1458999939,7856.183722399275,0.8809730056396574
494,Home,South,119536.12758002145,4478.86456140725,0.8829148165187222
495,Auto,South,623276.163712309,5601.47915980676,0.6590454101322324
496,Health,North,684802.1586272655,5430.929320010638,0.211231831472931
497,Health,West,638515.8287091338,6195.511263098181,0.8629968313588721
498,Commercial,West,490319.3416105437,8790.19431062097,0.8860934353132082
499,Auto,East,410796.49117026833,9826.654092250865,0.1966535849529587
500,Commercial,East,870166.967093234,4668.257877164353,0.7374260857706773
501,Health,East,543127.6958794072,8447.670298956727,0.28651954892712295
502,Auto,South,505222.7837482444,7880.750151892459,0.8026403123529297
503,Auto,South,74359.96251611391,6161.76056310016,0.9972378999036027
504,Commercial,East,374185.43624484853,9604.424292507398,0.030026005329392813
505,Health,East,411185.8378465642,2804.270639755625,0.8973658657909319
506,Auto,East,428881.64185205544,1983.3778927865928,0.622630533598658
507,Commercial,West,601163.7507659657,8685.657702598799,0.9733826191648212
508,Health,South,556922.4193905345,4952.348349703734,0.4650095175264276
509,Commercial,West,627509.8381537724,8622.719687863544,0.8473879305713737
510,Home,West,776639.0984650218,9037.811846758734,0.06239406859827723
511,Auto,East,822336.4517802888,1562.118342571643,0.3352790500782957
512,Home,East,732216.9224151697,8951.182866874547,0.06701653775120997
513,Health,North,957747.511157188,5034.871498324799,0.9753431334790705
514,Home,North,67320.95354254355,5593.89240103809,0.8169739072718367
515,Home,West,235989.0863993688,6639.332599838892,0.8525474212459705
516,Health,South,57184.73122923501,9337.443460570781,0.9379652314338942
517,Commercial,East,665100.9784468729,1172.0448498678763,0.08510348611978535
518,Home,East,903129.0215024876,5291.591214860354,0.38559759251333336
519,Commercial,West,281308.1817474843,7189.498381875046,0.07103488904400213
520,Home,North,930682.8175564914,7504.362619284057,0.21079310155002862
521,Commercial,South,107254.02077508281,7232.791883833972,0.22936577703767236
522,Health,North,937714.2254652386,2209.916164673097,0.4691072110475787
523,Home,North,384041.5528776527,3694.560295345131,0.2685621674536426
524,Health,North,146349.7870267557,4228.439728753121,0.10097810681776109
525,Home,North,511578.1712270093,8239.934869115545,0.1674910890941077
526,Health,East,293937.7393344826,3508.8388517309772,0.14727556355209093
527,Health,East,320629.2568638267,2896.344674804828,0.9730767979122983
528,Home,North,341925.46667997225,9617.032171342866,0.7592925069184736
529,Home,South,812874.6029410303,1079.76956602122,0.967761465269562
530,Home,West,562203.2128414917,9980.387701137804,0.43974048650790853
531,Auto,South,345742.31419820344,7091.391689716561,0.2783684816626566
532,Commercial,South,629817.0941453724,8456.223695042054,0.7982931972091867
533,Auto,South,730343.1405120338,3651.5745671157383,0.3262539180411468
534,Auto,North,308992.80069685704,1128.8374990035397,0.2993833737053483
535,Health,East,442871.6464490839,7640.82566705377,0.2325059922078312
536,Home,South,165791.78867010016,8507.301373006081,0.12967897822423535
537,Commercial,North,222091.8820579463,7664.285187581672,0.25646306101676597
538,Health,South,697061.9612667337,2285.6525857075476,0.3553197484738877
539,Auto,South,222366.4303108456,7780.851300312722,0.6739942081457304
540,Home,North,548905.2144837072,7920.305038968769,0.06256484221945158
541,Health,East,723593.948636311,6926.864641030494,0.21050693966534295
542,Home,East,151533.07694000663,7895.043395160276,0.8090236402916764
543,Health,West,588946.6086474584,8613.29295709959,0.14692192358377076
544,Home,North,293734.6445162956,6522.437028137126,0.34264514652252154
545,Auto,West,964780.5314757008,1797.4424257271116,0.8646589218581401
546,Commercial,West,509368.3643839285,5388.650287004898,0.15492531114344266
547,Auto,West,815692.9222864002,1698.8440120444457,0.0827368356181899
548,Commercial,East,572715.2150484486,4667.887279291877,0.48453799508001083
549,Home,North,91241.9062120782,4663.958402130649,0.3024195112785364
550,Health,West,651493.8068143212,1594.088597262174,0.5634083644838541
551,Auto,North,953833.1750963242,4139.384805725314,0.8038048904834751
552,Commercial,North,621531.2291390146,1998.9828891218335,0.13714848815274316
553,Auto,East,828229.4164554507,8274.116890083,0.580699084554285
554,Commercial,West,889996.1401809874,9529.192233680236,0.5055087603898639
555,Auto,West,266675.78335148585,1650.8482773214473,0.14407878601319957
556,Commercial,North,251442.5979128153,9596.036865625312,0.6239984855289824
557,Commercial,South,630431.9394084421,5703.189394030706,0.27364041786077165
558,Home,East,440477.0463163695,3696.091101584865,0.4878343185440125
559,Commercial,East,847868.2377233843,1691.7586774854717,0.08227232427706188
560,Home,East,905021.9672281106,5505.61841263376,0.45958405721362305
561,Commercial,East,385750.3103375822,8150.639900416738,0.3064634680428203
562,Health,West,275027.03102575795,7363.778295400283,0.8223812111853543
563,Health,West,791499.2394816687,1452.034103175764,0.05697872699736828
564,Health,South,311065.7337707293,1656.1165183111316,0.41860727491832994
565,Commercial,East,831483.6025879944,4625.859543693734,0.458431424131438
566,Home,East,452551.3409663247,3657.6144464314893,0.7250060762991187
567,Home,North,684172.4043268969,3091.4589075044305,0.574287575090211
568,Commercial,West,140758.54814293477,3529.0404901784223,0.667212337194181
569,Health,East,642666.3584427444,8231.344689671962,0.7770492856517561
570,Health,South,479179.2948003677,9363.052482686686,0.8622029736581888
571,Home,South,607278.0400167004,4645.924250748098,0.3138754967224705
572,Health,West,209613.49735762025,9154.999019192473,0.538022705363903
573,Auto,South,750030.057696973,3893.4613112309376,0.8401080784391999
574,Home,South,869657.2236660671,5287.932877094125,0.9894511309650564
575,Health,West,255902.81008623686,3034.2609803439973,0.8895193110437631
576,Home,East,140928.82774415362,6764.284379582596,0.3714672626243768
577,Auto,East,72456.65674401958,9810.83003657328,0.19516651721865041
578,Home,South,659872.9254211027,6431.437864390407,0.4893925374065887
579,Home,South,626739.3342843418,4220.32675702194,0.7416414518360422
580,Home,East,569362.5420783665,6830.357013914755,0.4925690707532976
581,Home,West,270349.7413101767,2106.286106188488,0.4831808633136685
582,Auto,South,421360.69611023896,8997.931722388588,0.8382304210818006
583,Commercial,North,614752.5184268644,5527.755557018528,0.36140377906718635
584,Home,West,521928.5159162109,5044.147678356779,0.8597946748116456
585,Home,South,988396.244204143,6272.783096081673,0.40680480095172356
586,Health,South,179617.76492889647,6623.054765104622,0.3282331056783394
587,Home,North,710387.3263452142,1645.9822560386174,0.453989911199699
588,Health,North,434102.8296990775,7143.554991010622,0.7624469586748684
589,Commercial,East,456789.63417933404,3177.385122839766,0.12600202786399428
590,Auto,West,731717.8773752674,7425.573692559308,0.19641921587201738
591,Auto,West,707814.3437581512,8402.813149457772,0.951444825663092
592,Commercial,East,991693.1940170788,8235.626567972682,0.17549162738135737
593,Auto,West,171974.57498141896,5972.508706671002,0.5677273179310546
594,Commercial,West,148904.16691495804,5681.529030796761,0.5793144666619379
595,Commercial,West,738121.8762723041,2285.8836520547056,0.4896244620502448
596,Commercial,West,599467.5711560886,7978.11535362822,0.6447452485768186
597,Auto,West,310452.63323181553,3442.684424020429,0.22982672579761843
598,Health,North,125448.40053953728,5470.258805361519,0.5526622677767482
599,Commercial,West,131375.337116609,3558.4668363476503,0.37217325524689715
600,Home,North,899481.3309309124,2204.455266997238,0.661667259629189
601,Auto,West,232273.95848280576,6666.019272025629,0.14122354337314946
602,Commercial,East,357202.9840097447,1488.9883134061345,0.5708774168394762
603,Commercial,South,265323.58211563865,7737.8071071358,0.1852703553833237
604,Home,North,387246.4905403404,3858.28115735005,0.2786430631150364
605,Health,West,115952.6506087887,1001.2122370403679,0.21870980032358323
606,Health,East,543106.8013628569,5600.162253135069,0.1828377798688171
607,Health,South,114231.93541260416,1421.6671767484281,0.825710951560667
608,Commercial,North,810338.6824312435,3485.5260203880953,0.28570756766089034
609,Commercial,South,272026.4778149114,7362.788387101446,0.9271237818644493
610,Commercial,East,563011.3188742851,1564.206594596793,0.9699265253451909
611,Auto,North,886075.1331833854,8554.04643120402,0.5712604699370973
612,Home,South,668333.5005948344,1034.379303927248,0.1430011226657264
613,Commercial,West,556309.8972237685,3221.4148228171202,0.37454824337958126
614,Home,North,358117.0654596068,7668.136505368643,0.797732263348214
615,Home,South,366351.81740528805,3846.431347563761,0.36739072869707046
616,Health,East,686012.6074382806,1917.0314925941218,0.08701721830278875
617,Auto,East,994432.3931601092,4242.105269203851,0.5567849109281879
618,Commercial,North,678747.2303569097,3433.53957746073,0.8451208514960348
619,Health,South,579894.2465015237,8584.407119444993,0.7959263871435024
620,Health,North,744117.9847272838,3820.131258266288,0.17512314013035324
621,Commercial,North,491945.3316695322,8100.392245984065,0.6727646144124667
622,Home,South,107135.22547074595,9026.849303296613,0.2205042634356471
623,Health,South,584181.9750840144,4904.356776188766,0.21820753455217223
624,Home,West,959744.0202801112,9189.488294689527,0.8740717733051852
625,Auto,South,216537.79523977666,4395.862485668736,0.24966895274023015
626,Home,East,705504.6462796325,9676.705748410974,0.2632473465180112
627,Auto,North,240887.00422610366,1803.6057207301565,0.0006533907612995549
628,Home,North,559036.3002494272,7183.173398529185,0.8706690341255177
629,Health,East,141842.62716438365,5444.326364112358,0.7925948132091347
630,Health,South,477852.3894452759,4488.8392491008235,0.627328935090678
631,Auto,East,768355.1624504838,6694.406908737408,0.7502657639388423
632,Commercial,East,380192.94802703295,7334.713824708981,0.1520485674244918
633,Auto,West,681666.1382628571,1039.2694268527819,0.45832359458757543
634,Auto,East,805677.4627502427,2502.5777987247884,0.3512193873487809
635,Home,North,930818.92850548,7417.414455708868,0.09377652625701649
636,Home,East,272909.97776268085,6997.468722203858,0.4861304852149241
637,Auto,North,429350.12001884275,9694.427546158095,0.9207396503426354
638,Health,North,194795.21266389656,7849.340112257047,0.04005911905069448
639,Home,North,992859.3270504564,9556.954369582043,0.2914609134937939
640,Commercial,South,930650.9195280805,7322.864513813262,0.20754093620570346
641,Home,West,562959.2737665316,3682.4698777549884,0.23814665366569632
642,Home,North,849931.6296576002,1948.2843002577083,0.9084345518793753
643,Commercial,North,544910.0784084401,8036.41477010442,0.4680690542342901
644,Auto,South,642406.4036026218,6797.342993283243,0.4662994129398188
645,Commercial,North,134668.21051021578,1433.674111539666,0.7605756424552823
646,Auto,East,767506.8994719675,4240.454193108805,0.1544922040049258
647,Auto,East,171327.80945347308,9611.198339358576,0.4872653541000508
648,Auto,West,834764.2487399019,5503.610311391811,0.4299852141210597
649,Commercial,North,792926.6832868666,4894.562224177342,0.5969106905466561
650,Auto,South,723307.4628558276,5119.2964464336455,0.9995577032504386
651,Health,East,84352.361498524,2879.944516046474,0.7694488940820471
652,Commercial,South,337971.93814806215,4318.364537783156,0.3978657030174272
653,Health,South,299956.9414153007,4328.319303884589,0.827553052274047
654,Auto,East,392129.5870979431,1471.1951816872515,0.17070836331248018
655,Home,South,133260.6094256466,7908.108656661265,0.030463686308960125
656,Auto,East,940109.9318795096,4748.539887134911,0.20444837246427305
657,Health,South,576112.1286767574,8399.618981347809,0.34041155611425966
658,Health,East,340248.09512512235,8653.132010079058,0.5105807574595599
659,Commercial,North,427132.44122056925,2907.9464922879224,0.6151291405411998
660,Home,West,474842.4134795939,6916.181339531157,0.9106057172144217
661,Commercial,East,620564.6166925865,5250.536237466836,0.5098540095504577
662,Health,East,539895.4563116729,8921.410641293365,0.5012756446257294
663,Auto,West,923422.3745536965,2941.6661125880873,0.05024300982298213
664,Home,East,522115.30876053876,7100.318802790398,0.03491155265622381
665,Auto,East,992550.114082147,6469.769100274503,0.5511599619163721
666,Auto,South,858853.7098578409,3657.713298146495,0.4381786132483445
667,Home,West,248084.98863946903,2229.4081328605535,0.8391803949802986
668,Commercial,North,934065.4539117204,6864.757844295489,0.16067958471184518
669,Auto,East,160548.0779912023,7647.377123190976,0.024971662117049598
670,Health,West,826577.223066632,3840.64609387015,0.44903876793012587
671,Auto,South,411592.1288027511,6803.493436200824,0.23747855675225749
672,Home,North,884075.6044228161,4556.178168503529,0.04961437333883745
673,Home,West,874653.8556020778,7418.86194954356,0.724598286847629
674,Home,North,815629.1301117401,2792.937474046478,0.11159299995724747
675,Commercial,North,800528.9144917083,9011.93502372557,0.6083195000077717
676,Auto,North,339445.1821431387,3586.6863681902178,0.28104975016688916
677,Commercial,East,126873.31889868957,4310.073889805376,0.17349605035502202
678,Commercial,East,432831.1698269034,1522.827568723148,0.37975152291931746
679,Home,South,214848.28923718323,2003.6099108914875,0.8014457762229537
680,Home,South,710203.5344573386,5642.757124410953,0.3920935769045727
681,Commercial,West,378794.74021089624,3408.3340905517434,0.7507696492110557
682,Auto,South,976829.6908169192,8519.322031679749,0.1254862967991507
683,Health,North,658923.4734780655,1132.2404978945847,0.7727714196650791
684,Commercial,North,831356.535452643,4411.846438047425,0.23693332490664865
685,Auto,East,175898.439104756,4036.109920921834,0.6773931298888728
686,Home,North,868913.7581589915,1173.9486782584092,0.5657815548409963
687,Home,West,926619.3309877246,2119.315591004592,0.9291447172116873
688,Auto,North,512708.8228779891,4722.784074267717,0.38732251797531403
689,Health,North,625940.2908634286,5435.78126002702,0.06616518883444045
690,Home,West,776569.3108578457,4638.607725293822,0.019155485551252904
691,Home,South,216096.6958973919,5778.439105708844,0.8268585609727531
692,Home,South,527437.7726402703,6356.185074151133,0.5247356376614322
693,Auto,West,428729.87638369744,1089.3143901505207,0.7752440518349493
694,Commercial,East,189055.29255413666,5176.856435081535,0.2344256000115147
695,Home,North,399157.70117695484,9671.493167988296,0.34508374551323373
696,Commercial,West,114763.69391621888,5671.290521165938,0.03010387221131894
697,Health,North,74521.31160201263,7097.8804071305785,0.9614923245741122
698,Home,East,178407.9746970816,3806.774721251949,0.6678679067008134
699,Home,North,964959.3560097151,7965.922403374862,0.9332050877593062
700,Health,West,572053.0591002661,7956.293336885035,0.2654964074290723
701,Home,North,967531.053095559,5691.66442888725,0.6114636112256608
702,Commercial,South,460872.9844136254,9784.124409512922,0.6784999682926378
703,Auto,East,346225.3264309966,2129.9519328638803,0.31754970025758844
704,Commercial,East,530834.769698232,1152.528984006229,0.8481092350156301
705,Auto,East,467536.1042012646,7931.423905813864,0.9471614629002478
706,Auto,West,150381.45004865673,8264.399836283943,0.8848551176960043
707,Commercial,East,658784.9989556959,2081.865062085186,0.7390669759393725
708,Commercial,South,255236.27338411962,3390.2454966274545,0.27746467972495403
709,Commercial,West,638608.5571529381,1157.97127029966,0.28161604210563174
710,Commercial,South,667691.0377782458,3639.777497025082,0.9633603204460379
711,Health,North,194423.6104722157,7958.276865268043,0.010284495935692028
712,Home,North,108282.14575513476,5661.644749413211,0.7160499732421445
713,Auto,North,791723.5067650179,4132.8603385145925,0.7062461625552622
714,Commercial,North,486810.4025808542,4345.653654156973,0.6226895409497974
715,Commercial,South,105255.60573020199,1012.1826314392134,0.9901088460868658
716,Commercial,West,995123.0013112788,3698.204748087123,0.31187943576372523
717,Health,West,104891.53294654831,6818.128674741374,0.3399718637932482
718,Commercial,East,710283.4674156255,9767.749994347214,0.07893940294655555
719,Commercial,South,984494.9790002429,8623.547442855095,0.44279813654373745
720,Commercial,North,277221.0990051293,1212.354681809762,0.2610485262348481
721,Home,South,185136.90025283638,9087.045442073555,0.3433867021776442
722,Health,East,165315.69245130743,8048.785719687634,0.8345717902556277
723,Commercial,East,338111.3901892158,8023.385112138823,0.9354845135274957
724,Auto,South,145993.52046011435,5121.961831032143,0.18573307200518563
725,Auto,South,707553.2746094253,4582.047636590525,0.37250893155346587
726,Auto,South,109177.20822355956,3726.2415594987337,0.9286305621153941
727,Health,West,533951.0217423002,1591.253730589292,0.06180846068922263
728,Health,North,996862.0111603279,3054.118271443292,0.09236052811137851
729,Auto,South,823271.7560307179,3219.4327148022217,0.16279098920622936
730,Commercial,South,634458.4663194603,5356.6936273918145,0.5952128341268748
731,Health,South,340940.9397472811,7726.999659370245,0.15047227100599747
732,Auto,East,642701.0444770566,5264.28845558152,0.9680763814507335
733,Auto,East,550689.390716069,1520.6000450244455,0.44671452725852034
734,Commercial,West,454779.2146958529,9620.108208893835,0.5015179603501664
735,Home,North,174174.8579031895,9484.51887184701,0.2466586158054065
736,Health,West,892274.0044784434,8066.705888335676,0.4709602524347335
737,Commercial,North,477295.4163802564,9921.951114077985,0.6619136326370115
738,Auto,East,234891.3862297268,5900.340995202367,0.7511771369540428
739,Auto,East,399371.38333342515,9664.915152278854,0.753868082709913
740,Commercial,East,443423.2649024807,1680.4453655507568,0.5778911126940883
741,Health,West,836161.0007885306,4291.126734352341,0.9043597749938572
742,Home,South,746933.661533332,3028.4314120608924,0.8174078473061094
743,Home,South,780839.6489592728,2762.4977572084304,0.7570481146986254
744,Auto,East,60479.70120721485,2267.226540034085,0.05560552168046062
745,Health,South,445346.29827077343,6601.72277409397,0.006877962219649314
746,Home,South,507276.94405355747,8031.8967017257455,0.21244727719547296
747,Health,West,68232.66298190385,6204.6855947832455,0.6635235939134523
748,Health,North,296822.5483077825,2322.664386293887,0.4111974888825458
749,Auto,East,772275.3319660282,8300.11392940124,0.40240625929931173
750,Home,East,180254.2204425491,6723.592364473557,0.8845868882296137
751,Commercial,West,558544.6248799621,4493.49135514296,0.8955628481318387
752,Auto,West,254441.77841637563,7067.172659824567,0.9091752640535857
753,Home,South,61514.73591169861,3339.1448131854954,0.3138780765150273
754,Home,East,279141.3847195644,4106.729876447895,0.6910558127392618
755,Home,North,977080.0671645511,9257.372588187913,0.27163318127436964
756,Home,West,811460.2562888401,3614.5405510427836,0.19060983307444979
757,Home,North,961597.8121049817,5229.894413421429,0.18463245734736922
758,Health,North,513461.34173004434,9011.27023656413,0.34210762086359403
759,Auto,East,154249.38874362834,7369.492152407747,0.4299576197798217
760,Health,East,570561.5145250084,1559.8290354823248,0.8309491710550684
761,Commercial,West,481658.46783196286,2325.727398510733,0.1198910934727121
762,Home,East,852139.2286026352,1070.5743169472514,0.7349258473948942
763,Auto,East,143178.45174503236,6678.2961120624705,0.5314549141893053
764,Home,East,513829.08017068927,5029.060828693765,0.2879453426759925
765,Auto,North,192546.23145928505,2208.4736581204797,0.4928195845328246
766,Health,West,358442.13054555695,9621.407089510934,0.29994206977702265
767,Auto,South,750489.2235184096,5766.937515510579,0.596081955238306
768,Commercial,North,502217.2229003282,3177.0396470160026,0.4338439228552442
769,Commercial,East,407093.87088848086,5505.432140392368,0.16440552907887873
770,Auto,North,424752.46464153356,7116.58299461597,0.11658307455569672
771,Auto,East,486474.4299856873,1686.1529617620804,0.5466956820721302
772,Auto,East,795765.716645204,3472.3343354310277,0.9024130332861034
773,Auto,North,897480.4544932226,8262.689417955942,0.34395768655768555
774,Commercial,West,957567.9521787319,5136.983833623951,0.7330001072226232
775,Home,East,797558.2169425304,5919.194278290654,0.658661354939767
776,Auto,West,349636.5509606121,4895.344019885223,0.931554914309481
777,Auto,South,703727.970782215,1395.0994837870462,0.8209810172991409
778,Commercial,East,465722.9678526223,2491.748018381403,0.566605258905463
779,Commercial,West,291937.0909437486,5009.874748677018,0.6570304982341073
780,Health,West,848828.0004546265,2882.6691886713506,0.8983864665840349
781,Auto,South,86505.03151420875,1449.8112579371086,0.3995187845869348
782,Health,West,906673.8925286523,8592.846976466413,0.32679470585777737
783,Commercial,West,488403.5913934974,9830.732762477042,0.010811083635196339
784,Commercial,South,655341.4029678664,8138.285865970655,0.8265510741914642
785,Home,East,676386.2260954935,8684.064295342003,0.8009807004033649
786,Auto,West,900361.8536712095,3177.7941728534083,0.10445451810015138
787,Health,West,654836.198058847,9645.642779618798,0.5768573811327002
788,Commercial,West,633236.9055220587,2772.3313400808556,0.4639816981668874
789,Commercial,North,113319.43853265546,9562.86829325649,0.11870909550911146
790,Health,South,542487.6208479439,9953.373645693559,0.9805682270607236
791,Home,North,192660.55077618957,7405.505251714439,0.21469588746335544
792,Commercial,South,750562.0802854113,9830.293586126398,0.06723418009056115
793,Auto,East,536610.8247720408,6125.858016103933,0.5948473795019096
794,Commercial,East,696216.3902479357,3335.876048584813,0.7388666771330327
795,Auto,West,89589.25557226504,4932.962970990588,0.03244344604718696
796,Health,South,130552.41524351305,6342.048418409074,0.6587176387270222
797,Auto,East,730507.2186595481,1657.7340582431348,0.5322918759514544
798,Health,South,118480.1191987397,6601.0893815552145,0.10326500887504841
799,Auto,East,117693.89137699567,9830.60053086065,0.17252387694636206
800,Health,North,61503.051473143074,2710.9688480535488,0.5679742973160805
801,Auto,East,958676.328384506,8133.35604659545,0.2963576135132884
802,Home,North,750632.9414860565,9171.089144016574,0.9383157286513161
803,Auto,East,385588.83807696094,9493.314335381987,0.8187402294840508
804,Auto,West,331708.80222327245,9641.220439649025,0.983567206513663
805,Home,North,382218.06825855706,5693.136748493247,0.259670838950414
806,Commercial,East,785920.8546221227,9795.771171923534,0.969723632797977
807,Commercial,West,678302.0805168936,7815.791864209949,0.43123386979155787
808,Auto,North,225935.78947409455,2455.042926132657,0.3475187953137546
809,Home,West,215403.86856738012,5292.100958211729,0.05034952696935324
810,Auto,South,143475.86722772743,7464.980578348036,0.05276525785960262
811,Health,South,677287.5837162712,3226.06284237175,0.6920112559466547
812,Health,North,776154.0291106491,6765.536651939986,0.4579289944340279
813,Auto,East,301794.10690875386,6999.404311419573,0.2265216260361057
814,Commercial,North,69897.71297936718,2464.297694277093,0.6139703063252326
815,Commercial,West,128063.08410260598,6085.767812074807,0.2528581182501112
816,Auto,East,969467.033102779,7944.642198807469,0.5776317543444226
817,Auto,South,330672.53860354924,5490.060980823478,0.35920874698269034
818,Health,East,780761.9904462269,1108.9280509849668,0.823552226611819
819,Commercial,South,643430.3904115505,1081.3462217136296,0.8206961607667793
820,Auto,East,412842.6576702511,4213.26409573011,0.4773503981224013
821,Health,East,245402.89908577735,9335.746615886037,0.3508191093350156
822,Commercial,East,165317.0972514361,3058.091016432479,0.36255979655909454
823,Home,West,634262.3196369233,6709.2731998451845,0.8057145256682179
824,Health,West,785902.0916058986,2998.682836239885,0.328179482797612
825,Commercial,North,661709.0408640741,3895.0299069359376,0.20905937370684602
826,Commercial,North,553787.0265867005,8632.378806413355,0.08468834187530683
827,Health,South,89853.66226005445,7559.752980429522,0.4666931208844084
828,Home,West,970064.3387146646,1858.5934958188957,0.4821320989198419
829,Health,South,808778.4820718458,4858.318188877903,0.8409087104029072
830,Commercial,North,328180.9348659165,1262.5278728073802,0.22123869644606398
831,Auto,South,980971.8128909081,5328.011319427081,0.3809912736683999
832,Auto,North,621787.510154506,6961.906105309613,0.8084057388936909
833,Health,West,603301.5252968841,2066.523612383364,0.8236236107489735
834,Commercial,East,760669.5204580555,3599.964450182491,0.3846110759787682
835,Auto,West,821181.2986856307,4580.529629519413,0.4591240232866809
836,Commercial,South,673654.6769649275,9275.779221904448,0.3032858908492829
837,Health,South,171690.95904789004,9939.295138806676,0.9325548784193121
838,Auto,West,371354.13069477346,1404.2016909605427,0.11864376574158031
839,Commercial,West,931679.4583097473,7849.071311458529,0.93374942300147
840,Auto,North,263384.8312516593,4345.516597621089,0.6838664518353432
841,Health,South,403558.67264563765,4532.12367606532,0.5315721526867312
842,Commercial,South,460473.0387969862,7788.384760123205,0.032659060784495875
843,Auto,West,467434.7402097296,9265.837889308677,0.4755961918220083
844,Health,East,632292.6033697992,9558.357350522936,0.4077481050027323
845,Auto,South,945922.0458574722,6194.103274344887,0.16121881197512256
846,Auto,East,278658.0762408797,4214.090433704525,0.6564096035006569
847,Home,West,165426.30748587218,8087.941772729013,0.9711509073682858
848,Home,West,237596.96536694045,3259.0124493607022,0.5621888110645251
849,Health,North,892578.6551988061,6076.66625950166,0.7147532764439458
850,Home,South,663520.2720224457,4227.206153723859,0.06845045256601678
851,Health,East,321611.4497772021,6909.679663370885,0.41766699581699473
852,Home,North,825149.5920201864,3163.590216041562,0.11635848516449587
853,Auto,South,868301.4965452643,2724.336511613432,0.6127958355365104
854,Health,North,854188.6217557641,9264.151780078933,0.9384821582141546
855,Health,West,922980.2069575767,1916.2331465458321,0.6617777324716385
856,Auto,South,289628.9691646935,5553.621169614385,0.07680304831442153
857,Health,North,767289.8323089643,2987.67504666708,0.35466620498508283
858,Health,North,487512.522410433,1350.3696699310071,0.5506633794408515
859,Home,East,849898.6252455584,1324.1693646228375,0.4032077561332522
860,Health,North,742066.1433035325,2576.9959489524463,0.8336440104751723
861,Commercial,South,787625.0741747384,8800.933190554002,0.8146710047099892
862,Auto,South,673353.7457970179,3542.30869579324,0.6118310201032214
863,Home,East,218557.3309962215,9554.132535177661,0.37345794513270525
864,Home,South,567775.5729520915,6234.600636902742,0.25533637376324414
865,Commercial,West,985436.2525482828,4929.5277079188945,0.10587431821312931
866,Auto,South,940518.663172263,6220.799512025092,0.35489768348655404
867,Auto,South,91015.04900716108,5650.2854670364095,0.4131725172077195
868,Home,North,206574.07494296526,7828.986283815926,0.6758229251040736
869,Health,North,175142.3347818338,3542.46459375567,0.6581598242975735
870,Home,South,739680.9144860307,4177.453524402721,0.07010813964125695
871,Auto,East,826896.0633640978,9046.848722799255,0.3952593154311578
872,Commercial,North,252835.79799513833,9518.10861835365,0.18177886721736192
873,Home,East,530560.0583042376,9033.02404737827,0.1568127053168057
874,Auto,South,848667.87661064,4775.031945615822,0.8273021497372459
875,Home,South,746161.4675279381,8023.289527061935,0.04191521671625753
876,Health,West,565125.3452172559,5287.021599709889,0.41918287590212133
877,Home,North,610830.3059358343,5477.85866931492,0.1682036557665182
878,Home,South,532942.5195704659,2842.1209815155553,0.879330215678474
879,Auto,West,332671.02875287953,6320.172729326648,0.5570405132750351
880,Auto,North,586770.8932160652,2675.2230797801312,0.23138063637684803
881,Auto,South,704441.0369475861,3984.082291604744,0.5024272871663764
882,Home,South,879656.7700677672,8695.271814579417,0.7314863597031158
883,Health,North,654476.7862802857,2863.682282897697,0.9581180089194338
884,Commercial,North,773065.4601910001,1640.4245665608953,0.22044600424541894
885,Commercial,North,202068.05320684434,1621.0683335153467,0.8861817721293451
886,Auto,South,488479.6006988004,9467.06068452797,0.9343041141674903
887,Auto,South,58865.03883573863,5562.283941656511,0.9164205445320662
888,Home,West,284344.92129554186,4684.708646353165,0.6354143568619098
889,Commercial,East,740138.6293573546,8297.907229071265,0.6298206544347077
890,Auto,North,992219.4537818952,8522.433351194644,0.4032106331838228
891,Health,South,144219.1946078551,3989.7192980404416,0.7523978823037879
892,Health,South,431419.60006822384,7242.562517264157,0.5312940183509319
893,Auto,North,810067.4202642015,7940.10534266698,0.6774380712282945
894,Auto,East,243833.8528974539,6891.856181793591,0.42845790384879545
895,Commercial,North,577330.7018371719,2364.3556732008947,0.7314964640431391
896,Commercial,East,746417.731228191,8882.947751653513,0.8244715176045491
897,Home,South,635186.1777471701,5851.850974624078,0.14643625660281612
898,Commercial,East,228623.49788464533,3542.251837330033,0.832929715574228
899,Health,West,387615.34025145246,4827.053668939245,0.5402965317903072
900,Health,South,794602.1952611273,1338.1398135901663,0.8446659090902243
901,Auto,West,576515.1884254158,2150.801211001758,0.4313017063410146
902,Commercial,North,54968.1328657671,7889.920754642748,0.37904048538303503
903,Home,North,772941.2220266892,1000.1047127982953,0.9150607325172224
904,Health,North,83545.78719322712,4749.09245634063,0.2511692675484013
905,Health,East,758447.0935946705,5702.591629770296,0.8442123252861431
906,Home,South,242356.53215697553,1491.7097800087506,0.4840205725094041
907,Home,North,960169.8061134112,9757.703466750996,0.5140954425512597
908,Health,North,399543.7137369803,3035.1279812470475,0.308468281489484
909,Health,South,360585.03552117513,3737.7884767265277,0.5730422006190157
910,Home,North,191443.64781582245,3735.482610295246,0.3252111962762113
911,Health,West,340324.0047157041,3073.7499590561492,0.03926941424165231
912,Auto,South,882818.2237367906,1013.2643987768028,0.27199860534435605
913,Auto,South,996517.620745885,7564.103146791967,0.006379043406590679
914,Home,South,399894.0539815059,9701.609498193568,0.9783547870568566
915,Commercial,West,476180.0994068154,3018.6413495654056,0.9657472098197475
916,Home,South,735967.3912926002,6967.424726230802,0.39515529747230504
917,Home,West,891885.9914418207,7677.066942628436,0.728370854339646
918,Commercial,South,613392.1174774449,8635.828411814724,0.345806098410425
919,Commercial,East,421949.41326893785,4803.662773122482,0.671093157085976
920,Commercial,North,441990.74880619254,3726.3781507638632,0.8054300430459791
921,Auto,East,710837.2391719666,3927.65620620728,0.9467562446922407
922,Health,North,53057.350424064745,7413.591997886616,0.400212275849672
923,Auto,West,638609.8705868487,8351.015198550725,0.7832979829560477
924,Health,East,387718.35991928953,2634.525709809424,0.2659284506321188
925,Auto,South,804487.46471323,4338.469073419887,0.9903323037936483
926,Health,North,138341.10783197556,9117.46177074235,0.025769598764351143
927,Auto,North,608792.153600971,8260.241677252652,0.603528806501121
928,Commercial,East,506924.24539181753,9863.725624862282,0.6595059816513271
929,Home,West,660209.2496099661,7788.234337138727,0.6880455570741288
930,Auto,East,111610.91475881993,4538.756809251301,0.12038757878908901
931,Health,West,600984.5980567248,6315.74050595174,0.9385297834731304
932,Commercial,West,583410.3585615476,6949.128288225883,0.1811832790500828
933,Auto,North,582627.0896953624,1706.1023468541157,0.6227534032398411
934,Auto,East,623313.2832666321,5900.472631934786,0.22267607912308496
935,Commercial,East,692644.5403650441,7383.887456253487,0.3072164170212709
936,Auto,West,814739.5496967313,2505.8917360095434,0.5464585417281244
937,Home,East,306329.6841218036,8025.685456830014,0.4171934185645765
938,Auto,South,833796.9396710589,6253.955024627005,0.1602256009765063
939,Home,South,523342.89815028093,9569.996071278352,0.1709364024208483
940,Home,East,123205.3651776146,1381.8006838620254,0.41814478816279965
941,Commercial,East,105623.38278178024,3387.935237999203,0.7572829782755007
942,Auto,West,367526.4027612578,6413.984913698417,0.8979646468477885
943,Commercial,South,795652.1282558942,3669.039209853376,0.08412766225938284
944,Auto,South,722296.8880038699,7429.81747664118,0.39310390755940106
945,Auto,North,799184.2164387861,7831.047542697379,0.10024556372287663
946,Health,West,541405.6036195289,1922.64367659827,0.016592480632597884
947,Auto,North,468189.04805771605,5624.69017786091,0.6617186826439566
948,Commercial,South,190079.90037096976,5580.015000319503,0.6024494419665878
949,Home,West,361783.11592884595,4323.526931939869,0.1630191138148862
950,Auto,East,462318.3978651815,9396.32376312705,0.2338128330930641
951,Health,West,134170.40819563635,8447.556878858992,0.02370775364451838
952,Commercial,East,259581.3550756507,7274.884437186731,0.8349472056944037
953,Auto,East,618314.0293605519,7428.939721614978,0.9746905960485515
954,Commercial,West,748879.9585272303,5155.445294318072,0.1354595367946908
955,Health,East,998430.1358233022,9288.950689869183,0.23147521376529812
956,Health,North,936457.6647763798,7251.358845279568,0.868409523946934
957,Commercial,South,660436.939558432,7560.829554902348,0.9264637979561848
958,Auto,East,450185.6506293684,8755.218134086106,0.41962738280681033
959,Home,North,654368.4964728211,3466.644304079719,0.050622472269074126
960,Health,East,796369.0371762203,8263.638134800327,0.0393918336928194
961,Auto,South,162419.38137721794,2757.1654266084283,0.5739498660690104
962,Auto,North,439409.6452114738,4108.07757020399,0.392895108893179
963,Home,South,847812.1713538363,4020.4940884285843,0.028652427577654516
964,Health,South,414641.3043363918,9806.729215502264,0.5832523923125568
965,Health,North,593278.6576658272,8708.835013731343,0.011302536589022472
966,Auto,North,608380.8928190883,7310.528754312338,0.787371958149273
967,Auto,North,225252.4404769574,7543.510854538511,0.3064328227033716
968,Home,West,394123.66956967395,6058.65514962314,0.0402580030092321
969,Home,North,367785.72430483554,9523.816003976672,0.5883522209831533
970,Health,North,74886.87310546155,5466.328775941254,0.3976844144330547
971,Commercial,North,72982.17569678748,4424.659388829051,0.9738004133571495
972,Health,North,840112.1914919848,2467.318032384319,0.5441986625037022
973,Auto,East,309417.2694741718,8075.850870349522,0.2752391810370083
974,Health,West,542174.8279268746,7609.995388680323,0.7094388646339748
975,Commercial,South,333789.2949093344,4459.195346717213,0.27149200254271133
976,Home,North,943645.2828595735,1226.7407256330644,0.9042432914075651
977,Commercial,East,296331.92092248506,8550.975949462096,0.37472197050737643
978,Commercial,East,458173.9721019883,1102.7618510866628,0.5498685627762052
979,Commercial,East,879093.7379603718,7333.298016661459,0.05057310382422886
980,Home,South,849836.8884522183,9732.313987534513,0.4261212379522308
981,Commercial,North,226796.34695396345,4938.951953333832,0.832363539660995
982,Commercial,West,812511.1443059249,3114.760644963575,0.8056488053633419
983,Commercial,West,485277.542400998,7343.839090390436,0.22431855885352625
984,Auto,East,508820.42848108744,8354.153278140268,0.22607907101056268
985,Commercial,South,176805.9737951466,5917.872844700626,0.8173053122132368
986,Home,South,126571.43806926842,9703.317477305316,0.9303984201693255
987,Commercial,South,741542.341625077,1465.01849492165,0.09536092127300355
988,Commercial,West,521638.09473753476,5543.160384740753,0.45005863942622526
989,Home,East,465008.1674844206,7466.08552590295,0.33745427896422897
990,Commercial,North,743032.8172197769,8763.76424034261,0.8706884554574393
991,Home,West,777237.2540415543,2613.3005071701104,0.08352491468001877
992,Commercial,East,200962.75928588587,8200.031335873133,0.2111259425580374
993,Home,East,629713.8920037593,5974.363681466907,0.7524683375864943
994,Commercial,North,178586.37816380127,4568.983137909669,0.051293848981215584
995,Commercial,North,763806.3317275934,2185.4352572118423,0.49253538071428926
996,Auto,North,674107.3984537825,8787.661830180212,0.44210703467972
997,Auto,South,958783.8900292851,2415.4588736174383,0.33440117898874866
998,Commercial,North,115510.11553860012,3788.090732881893,0.3945723153189238
999,Commercial,East,104201.9850936916,3610.4097876619317,0.5299405869302329
1000,Health,North,318077.72095854016,8842.726307717689,0.16136735838838312
